cjv,cnr,efc,fber,fwhm_avg,fwhm_x,fwhm_y,fwhm_z,icvs_csf,icvs_gm,icvs_wm,inu_med,inu_range,rpve_csf,rpve_gm,rpve_wm,snr_csf,snr_gm,snr_total,snr_wm,snrd_csf,snrd_gm,snrd_total,snrd_wm,summary_bg_k,summary_bg_mad,summary_bg_mean,summary_bg_median,summary_bg_n,summary_bg_p05,summary_bg_p95,summary_bg_stdv,summary_csf_k,summary_csf_mad,summary_csf_mean,summary_csf_median,summary_csf_n,summary_csf_p05,summary_csf_p95,summary_csf_stdv,summary_gm_k,summary_gm_mad,summary_gm_mean,summary_gm_median,summary_gm_n,summary_gm_p05,summary_gm_p95,summary_gm_stdv,summary_wm_k,summary_wm_mad,summary_wm_mean,summary_wm_median,summary_wm_n,summary_wm_p05,summary_wm_p95,summary_wm_stdv,tpm_overlap_csf,tpm_overlap_gm,tpm_overlap_wm,wm2max,subject_id,ses,task,run,source_url
0.7629945121951219,1.0659750706558395,0.6557,-1.0,4.56984,4.57026,4.28893,4.85033,0.2598617652880326,0.3518421309062686,0.38829610380569896,0.4271179139614105,0.23803652524948116,6.633056820354057,6.490329045447143,6.5602593482664515,2.188948398240152,5.928427933516713,7.336223815529809,13.891295114832563,30.333989789861093,57.273966736101364,52.159377937033874,68.87017728513918,197.8744,0.0,2.3237,0.0,2567164.0,0.0,9.0,9.2653,0.7819,124.5343,453.4602,429.0,446470.8382616682,84.0,805.0,195.9843,9.073,65.1568,805.179,810.0,604503.1324534286,560.0,1021.0,136.6297,4.1317,59.9743,960.4214,974.0,667135.0314568729,831.0,1057.0,70.1158,0.2110660541420974,0.5094654399093015,0.5404644750032198,0.7532239384178484,0051456,01,,,example/mriqc/sub-0051456_T1w.json
