{
  "bids_meta": {
    "FileSize": 0.006139675155282021,
    "FileSizeUnits": "GB",
    "NumberOfVolumes": 1,
    "dataset": "<unset>",
    "datatype": "anat",
    "extension": ".nii.gz",
    "modality": "T1w",
    "subject": "0051456",
    "suffix": "T1w"
  },
  "cjv": 0.7629945121951219,
  "cnr": 1.0659750706558395,
  "efc": 0.6557,
  "fber": -1.0,
  "fwhm_avg": 4.56984,
  "fwhm_x": 4.57026,
  "fwhm_y": 4.28893,
  "fwhm_z": 4.85033,
  "icvs_csf": 0.2598617652880326,
  "icvs_gm": 0.3518421309062686,
  "icvs_wm": 0.38829610380569896,
  "inu_med": 0.4271179139614105,
  "inu_range": 0.23803652524948116,
  "provenance": {
    "md5sum": "17d9e6ec0c7a1bd08032ddc89f648bd2",
    "settings": {
      "testing": false
    },
    "software": "mriqc",
    "version": "25.0.0rc0",
    "warnings": {
      "large_rot_frame": true,
      "small_air_mask": false
    }
  },
  "qi_1": 0.0,
  "qi_2": 0.007398422036887621,
  "rpve_csf": 6.633056820354057,
  "rpve_gm": 6.490329045447143,
  "rpve_wm": 6.5602593482664515,
  "size_x": 176,
  "size_y": 256,
  "size_z": 256,
  "snr_csf": 2.188948398240152,
  "snr_gm": 5.928427933516713,
  "snr_total": 7.336223815529809,
  "snr_wm": 13.891295114832563,
  "snrd_csf": 30.333989789861093,
  "snrd_gm": 57.273966736101364,
  "snrd_total": 52.159377937033874,
  "snrd_wm": 68.87017728513918,
  "spacing_x": 1.0,
  "spacing_y": 1.0,
  "spacing_z": 1.0,
  "summary_bg_k": 197.8744,
  "summary_bg_mad": 0.0,
  "summary_bg_mean": 2.3237,
  "summary_bg_median": 0.0,
  "summary_bg_n": 2567164.0,
  "summary_bg_p05": 0.0,
  "summary_bg_p95": 9.0,
  "summary_bg_stdv": 9.2653,
  "summary_csf_k": 0.7819,
  "summary_csf_mad": 124.5343,
  "summary_csf_mean": 453.4602,
  "summary_csf_median": 429.0,
  "summary_csf_n": 446470.8382616682,
  "summary_csf_p05": 84.0,
  "summary_csf_p95": 805.0,
  "summary_csf_stdv": 195.9843,
  "summary_gm_k": 9.073,
  "summary_gm_mad": 65.1568,
  "summary_gm_mean": 805.179,
  "summary_gm_median": 810.0,
  "summary_gm_n": 604503.1324534286,
  "summary_gm_p05": 560.0,
  "summary_gm_p95": 1021.0,
  "summary_gm_stdv": 136.6297,
  "summary_wm_k": 4.1317,
  "summary_wm_mad": 59.9743,
  "summary_wm_mean": 960.4214,
  "summary_wm_median": 974.0,
  "summary_wm_n": 667135.0314568729,
  "summary_wm_p05": 831.0,
  "summary_wm_p95": 1057.0,
  "summary_wm_stdv": 70.1158,
  "tpm_overlap_csf": 0.2110660541420974,
  "tpm_overlap_gm": 0.5094654399093015,
  "tpm_overlap_wm": 0.5404644750032198,
  "wm2max": 0.7532239384178484
}
