subject_id,ses,task,run,cjv,cnr,efc,fber,fwhm_avg,fwhm_x,fwhm_y,fwhm_z,icvs_csf,icvs_gm,icvs_wm,inu_med,inu_range,rpve_csf,rpve_gm,rpve_wm,snr_csf,snr_gm,snr_total,snr_wm,snrd_csf,snrd_gm,snrd_total,snrd_wm,summary_bg_k,summary_bg_mad,summary_bg_mean,summary_bg_median,summary_bg_n,summary_bg_p05,summary_bg_p95,summary_bg_stdv,summary_csf_k,summary_csf_mad,summary_csf_mean,summary_csf_median,summary_csf_n,summary_csf_p05,summary_csf_p95,summary_csf_stdv,summary_gm_k,summary_gm_mad,summary_gm_mean,summary_gm_median,summary_gm_n,summary_gm_p05,summary_gm_p95,summary_gm_stdv,summary_wm_k,summary_wm_mad,summary_wm_mean,summary_wm_median,summary_wm_n,summary_wm_p05,summary_wm_p95,summary_wm_stdv,tpm_overlap_csf,tpm_overlap_gm,tpm_overlap_wm,wm2max,source_url
"""0051607""",,,1,0.41964812318835487,3.129612218119691,0.7831518324606362,116.48494720458984,3.57949,3.53899,3.9918,3.20768,0.2155313436125819,0.40286766565798937,0.38160099072942877,1.0526072978973389,0.41350632905960083,19.53753912940463,10.622744107595828,13.758358529610213,2.6695721336801572,8.786867998756378,9.528411186677879,17.12879343,10.50437011,22.133627079469857,21.614376482937487,32.20513225715331,0.9927371330001491,20.342729568481445,63.61793137,60.985992431640625,754983,33.506859970092776,102.77938995361328,21.437395095825195,2.659496144512093,124.31062316894531,346.0764465332031,326.1726379394531,17008,178.13911666870118,565.1963623046875,122.17802429199219,0.20688494640241162,75.57289886,688.7835083007812,687.2742919921875,16384,562.4966949,822.1270050048828,78.21368408203125,0.49286189307407513,55.66436767578125,1000.208740234375,1000.0059814453125,244797,904.5721435546875,1095.8353759765625,58.38145828,0.22587627172470093,0.4905681312084198,0.5464192032814026,0.573174435,s3://fcp-indi/data/Projects/ABIDE/Outputs/mriqc/mriqc/sub-0051607_T1w.html